Page ID,Page Name,Disclaimer,Amount Spent (EUR),Number of Ads in Library
331832984040,LichtBlick,LichtBlick,7623,44
103355385129734,The Climate Pledge,The Climate Pledge,6620,2
323245001172018,Bundesministerium für Gesundheit,Bundesministerium für Gesundheit,6491,814
152033178165965,Deutsche Bahn Personenverkehr,Deutsche Bahn Personenverkehr,3889,2
178362315106,European Parliament,European Parliament,3559,6
1508446642792459,Vattenfall Deutschland,Vattenfall Deutschland,2790,13
107085727344683,Mein Schlüssel zur Welt,Bundesministerium für Bildung und Forschung,1663,59
346059386316717,Dash,DALLI-WERKE GmbH & Co. KG,1589,1
22541752487,Greenpeace Deutschland,Greenpeace Deutschland,1528,14
197589525931,Facebook app,Facebook,1157,1
484950398505596,IRC Deutschland,IRC Deutschland,1133,10
208991275785989,Vonovia,Vonovia SE,1095,62
481033845692472,Entschieden. Gegen Krebs.,ENTSCHIEDEN. Gegen Krebs.,1066,39
161273245888,Save the Children Deutschland,Save the Children Deutschland,1037,70
82734241364,Campact e.V.,Campact e.V.,1017,24
136260152219,World Vision Deutschland e.V.,World Vision Deutschland e.V.,950,36
23216224900,Plan International Deutschland,Plan International Deutschland,916,14
236934790401,UNO-Flüchtlingshilfe,UNO-Flüchtlingshilfe,778,15
116580098376181,Audible,These ads ran without a disclaimer,760,5
478399422560922,KadeFungin,DR. KADE,646,16
1312721828781856,Diskutier Mit Mir,Diskutier Mit Mir e.V.,575,3
308675340042451,Stuttgart macht's rein.,Landeshauptstadt Stuttgart ,531,14
130534873659391,Green Planet Energy,Green Planet Energy eG,521,48
116000986793106,Klima,Climate Labs GmbH,418,6
112127710187776,LEA Hessen,LandesEnergieAgentur Hessen,404,2
343364921106,Caritas international,Caritas international,372,131
170688644503,UNICEF Deutschland,UNICEF Deutschland,368,24
217879838339082,Bundesministerium für Wirtschaft und Energie,Bundesministerium für Wirtschaft und Energie,340,5
460665437794604,planted.,These ads ran without a disclaimer,336,1
192173427494417,"WOLF Heizung, Klima, Lüftung",WOLF GmbH,324,5
100717801668573,Gesunde Erde - Gesunde Menschen,Stiftung Gesunde Erde Gesunde Menschen gGmbH,315,2
418684251574420,Gernot Schmidt,Odermedia GmbH,302,7
263503200272,Welthungerhilfe,Welthungerhilfe,275,6
154423267921909,followfood,followfood,270,2
170055473557382,Land.Schafft.Bayern,Land.Schafft.Bayern,261,8
1947378708884004,Initiative Frosch,Initiative Frosch,244,18
1811839762254313,Bayerisches Innenministerium,"Bayerisches Staatsministerium des Innern, für Sport und Integration",240,21
718677004826671,Deutsche Umwelthilfe,Deutsche Umwelthilfe,234,19
743553305741738,Frag ZEBRA,Landesanstalt für Medien NRW,220,11
223829854355699,Frosch,Frosch,215,3
417905399079008,The Honu Movement,Plastic Free Planet gemeinnützige GmbH,213,70
120479081330563,Körber-Stiftung,Körber-Stiftung,213,40
614408642007931,Zurich,Zürich Beteiligungs AG,204,3
593476900673774,ifaw,ifaw,200,8
161674141345516,Weltverbesserer,Die Techniker (TK),195,9
104970081393920,FAKTUlind,DR. KADE,187,6
128440447895402,Jeder Tag zählt e.V.,Jeder Tag zählt e.V.,181,3
217786668379580,350.org Deutschland,350.org Deutschland,178,2
112369170621210,Deutschland spricht über 5G,Dialoginitiative "Deutschland spricht über 5G",176,1
102608544969110,Posterisan,DR. KADE,169,18
2188342231399828,HSI/Deutschland,HSI/Deutschland,164,8
145944615464920,Polarstern Energie,Polarstern Energie,161,4
102918022164831,Your Data Mirror,Interactive Media Foundation gGmbH,159,2
106653924258368,Vision Sea Life,Vision Sea Life,156,42
846335975484709,The Generation Forest,The Generation Forest eG,155,2
144380008933707,SPD-Fraktion im Bundestag,SPD-Bundestagsfraktion,151,3
100653425499305,Gleichbehandeln,Ärzte der Welt e.V.,145,4
648606161910298,"Ministerium für Soziales, Gesundheit, Frauen und Familie","Ministerium für Soziales, Gesundheit, Frauen und Familie",144,3
1609555372394092,17 Ziele,Engagement Global - Service für Entwicklungsinitiativen,142,6
100572773318575,Ärzte der Welt,Ärzte der Welt,141,28
205846648808,MAZonline / Märkische Allgemeine,MADSACK Market Solutions GmbH,141,3
90035328642,PETA Deutschland,PETA Deutschland,140,9
32925303328,Heinrich-Böll-Stiftung,Heinrich-Böll-Stiftung,137,3
104824124853030,Isabel Cademartori,SPD Mannheim,134,1
332923170220,ONE Deutschland,ONE Deutschland,133,4
189617674514883,Rheinland-Pfalz,Rheinland-Pfalz,132,7
100809408696481,finanzen.de viva,finanzen.de,132,5
1509790395958123,Aktion gegen den Hunger,Aktion gegen den Hunger,120,9
555258241345272,immocation,immocation GmbH,118,7
149915685059106,Binnaz Abla,These ads ran without a disclaimer,116,4
103114149752155,GEW Berlin,GEW BERLIN,115,1
137267732953826,Berliner Zeitung,Berliner Verlag GmbH,111,4
1919185338293853,AfD-Fraktion NRW,AfD-Fraktion NRW,109,1
101285651990166,Planted,Planted HQ gGmbH,107,5
868679606501085,Carsten Müller - Landratskandidat,Team Carsten Müller,106,5
150527751674751,Greens/EFA in the European Parliament,Greens/EFA in the European Parliament,104,1
218786540044,WWF Deutschland,These ads ran without a disclaimer,104,3
611910082337980,VerbraucherCheck.net,Caesar Richard Reinhold Ludwig  Schütz,102,18
331085703648232,Deutscher Verkehrssicherheitsrat - DVR,Deutscher Verkehrssicherheitsrat e.V.,101,2
198862383502965,DGB-Jugend Niedersachsen - Bremen - Sachsen-Anhalt,DGB-Jugend Niedersachsen - Bremen - Sachsen-Anhalt,101,16
2135010219947091,MINTmagie,Bundesministerium für Bildung und Forschung,≤100,3
141612489183275,Hans-Böckler-Stiftung,Hans-Böckler-Stiftung,≤100,6
1110204782371616,Die Moderne Landwirtschaft,Forum Moderne Landwirtschaft e.V.,≤100,15
1077260675704647,Wohnglück,Impleco GmbH,≤100,32
1799289273687556,Beratungsstelle Frauennotruf Frankfurt,Beratungsstelle Frauennotruf Frankfurt,≤100,12
64694257920,ProSieben,ProSieben,≤100,3
112002753685892,Carmino,New Path Solutions GmbH,≤100,7
383045615057842,Thomas Dehler Stiftung,Sebastian Zajonz,≤100,20
1855211144766647,Asylhelp by migrando,Graske Rechtsanwälte,≤100,1
117534528257937,Bund für Umwelt und Naturschutz Deutschland,Bund für Umwelt und Naturschutz Deutschland,≤100,40
1703416996566672,Echt Grün - Eure Landwirte,Echt Grün - Eure Landwirte,≤100,16
202761866416190,PAZ Peiner Allgemeine Zeitung,MADSACK Market Solutions GmbH,≤100,3
214065808453,SPD Saar,SPD Saar,≤100,2
375109771472,Freie Presse,Freie Presse,≤100,20
303043247017496,Markus Buchheit,Markus Buchheit,≤100,2
56497026719,SOS-Kinderdörfer weltweit,SOS-Kinderdörfer weltweit,≤100,30
223119367812240,Dietlind Biesterfeld,Dietlind Juliane Biesterfeld,≤100,7
1096099377140176,karlsruhe.digital,Initiative karlsruhe.digital,≤100,6
127143338110,missio,missio,≤100,4
116335026590900,Mülltrennung wirkt,die dualen Systeme,≤100,13
678621418886428,Tag der Deutschen Einheit,Staatskanzlei und Ministerium für Kultur Sachsen-Anhalt,≤100,2
261985647756704,AfD im EU-Parlament,AfD im EU-Parlament,≤100,3
494153183976139,Stadtwerke Esslingen,Stadtwerke Esslingen am Neckar GmbH & Co KG,≤100,9
373673517230,Lübecker Nachrichten Online,MADSACK Market Solutions GmbH,≤100,2
540404695989874,AfD,AfD,≤100,2
44511549119,Konrad-Adenauer-Stiftung,Konrad-Adenauer-Stiftung,≤100,28
1393167744264822,Bundesministerium für Verkehr und digitale Infrastruktur,Bundesministerium für Verkehr und digitale Infrastruktur,≤100,2
156733414463449,SAUBER ENERGIE,SE SAUBER ENERGIE GmbH & Co. KG,≤100,4
258796296044,Handicap International - Humanity & Inclusion,Handicap International - Humanity & Inclusion,≤100,11
45872374946,GREENPEACE MAGAZIN,GREENPEACE MAGAZIN,≤100,2
164513593594332,Deutsche Aidshilfe,Deutsche Aidshilfe,≤100,13
78309442751,Bayernpartei,Bayernpartei,≤100,3
110325972343711,Bundesstiftung zur Aufarbeitung der SED-Diktatur,Bundesstiftung zur Aufarbeitung der SED-Diktatur,≤100,1
206584163580,Stiftung Mercator,Stiftung Mercator,≤100,4
107704830821545,"Senatsverwaltung für Umwelt, Verkehr und Klimaschutz","Senatsverwaltung für Umwelt, Verkehr und Klimaschutz",≤100,2
538250296239848,Kaufhaus STOLZ,These ads ran without a disclaimer,≤100,1
163969044200338,The Female Company,The Female Company,≤100,24
130534873659391,Green Planet Energy,Greenpeace Energy e.G.,≤100,12
374927701107,Ostsee-Zeitung,MADSACK Market Solutions GmbH,≤100,2
75492447764,GLS Bank,GLS Bank,≤100,2
142616569135649,Bayerisches Staatsministerium für Umwelt und Verbraucherschutz,Bayerisches Staatsministerium für Umwelt und Verbraucherschutz,≤100,5
1790920000965539,CDU CSU Europa,CDU/CSU-Gruppe in der EVP-Fraktion im Europäischen Parlament,≤100,9
1578640155687393,Sea-Watch,Sea-Watch,≤100,2
134483979119,Rosa-Luxemburg-Stiftung,Rosa-Luxemburg-Stiftung,≤100,8
399241730563,Quarks,Westdeutscher Rundfunk Köln,≤100,21
101326131878243,GP Prüfservice,Marcus Pauli,≤100,1
107268848302529,Elli - A brand of the Volkswagen Group,Volkswagen Group Charging GmbH,≤100,4
1004883576238809,GoodJobs,GoodJobs,≤100,8
922013954486012,StrassenBLUES,StrassenBLUES,≤100,1
106063037604976,Hessisches Ministerium der Finanzen,Hessisches Ministerium der Finanzen,≤100,12
1094683160736817,Respect-4-You Russischer Pflegedienst,Vadim Zaretskiy,≤100,10
108301831515052,Team Oliver Quilling,CDU Kreisverband Offenbach-Land,≤100,2
102324097938104,"Mohit Yadav, Consul General of India in Munich Germany",Mohit Yadav,≤100,2
300225473377094,indeon magazin,Medienhaus der Evangelischen Kirche in Hessen und Nassau GmbH,≤100,8
141410219264688,SENEC,SENEC GmbH,≤100,3
113329095368675,Neue Presse Hannover / NP,MADSACK Market Solutions GmbH,≤100,1
139065632780165,Monika Hohlmeier,Monika Hohlmeier,≤100,5
413826305343387,Krautreporter,Krautreporter,≤100,1
102359014607026,Vorsicht. Rücksicht. Umsicht,die wegmeister gmbh für das Ministerium für Verkehr Baden-Württemberg,≤100,10
135591596484147,ABDA - Bundesvereinigung Deutscher Apothekerverbände e. V.,ABDA - Bundesvereinigung Deutscher Apothekerverbände e. V.,≤100,1
249986091716256,Deutscher Jagdverband e.V.,Deutscher Jagdverband e.V.,≤100,1
212146445598363,Stadtwerke Bielefeld,Stadtwerke Bielefeld GmbH,≤100,4
359153262854,Ökolöwe - Umweltbund Leipzig e.V.,Ökolöwe - Umweltbund Leipzig e.V.,≤100,2
790148178038834,Union Stiftung,Union Stiftung,≤100,6
117647534935542,ICAN Deutschland,International Campaign to Abolish Nuclear Weapons,≤100,18
198325033639314,Wolfgang Krebs,Wolfgang Krebs,≤100,6
130574672061968,Installion GmbH,Installion Services GmbH,≤100,2
105773395161919,Climate Positive Club,wattx GmbH,≤100,3
102722502036493,Basis-Verlag,basis-verlag,≤100,2
283033412349554,CDU Kreisverband Recklinghausen,CDU Kreisverband Recklinghausen e.V,≤100,1
109834688073167,Volker Kieber,Volker Kieber,≤100,39
105018555000761,Soziale Republik,Verein für konstruktiven Sozialismus e.V.,≤100,3
542885302424145,Günther Schartz,Günther Schartz,≤100,9
442906105719770,TotalEnergies,TOTAL Deutschland GmbH,≤100,1
205407872835976,Gabor Steingart,Media Pioneer Publishing AG,≤100,3
123715251678108,Soziale Betreuung und Pflege,These ads ran without a disclaimer,≤100,3
157458510973874,WAZ Wolfsburger Allgemeine Zeitung,MADSACK Market Solutions GmbH,≤100,2
260106687889118,Kopp Verlag,Kopp Verlag,≤100,3
1218561858288255,Motaris GmbH,Motaris GmbH,≤100,3
1577568379211602,Hahne Holding,Hahne Holding GmbH,≤100,5
106063161828645,Dr. Markus Reiners - Oberbürgermeister für Schorndorf,Markus Reiners,≤100,6
1605966456387228,GOT BAG,GOT BAG GmbH,≤100,2
2071515543141090,LCOY Germany,LCOY Germany,≤100,5
118776688142153,enviaM,envia Mitteldeutsche Energie AG,≤100,4
101069298806756,Klimastiftung-MV,Stiftung Klima- und Umweltschutz MV,≤100,1
706758859393635,AfD Fraktion Sachsen,AfD Fraktion Sachsen,≤100,6
102494302098048,Sonnenkollektoren,These ads ran without a disclaimer,≤100,100
258172067920,Sächsische.de,Sächsische.de,≤100,4
103142328644415,Sonnenenergie Deutschland,These ads ran without a disclaimer,≤100,99
341486659645594,FDP Fraktion Bundestag,FDP Fraktion Bundestag,≤100,2
47694585682,DIE LINKE,DIE LINKE,≤100,1
273454591804,SOS-Kinderdorf Deutschland,SOS-Kinderdorf Deutschland,≤100,1
237282353035609,Auswärtiges Amt,Auswärtiges Amt,≤100,8
106998847612177,Der Wilde Wald - Natur Natur sein lassen,mindjazz pictures,≤100,2
218786540044,WWF Deutschland,WWF Deutschland,≤100,19
1176675472454246,CAPinside.com,CAPinside GmbH,≤100,13
553638424807619,ESS Kempfle - Photovoltaik & Energie Leipheim,ESS Kempfle GmbH,≤100,4
102898544642459,ThePioneer,Media Pioneer Publishing AG,≤100,4
104788511879755,Steuerberaterin Cordula Deller,Steuerkanzlei Deller,≤100,16
700928429971100,Polizei NRW Karriere,Polizei NRW Karriere,≤100,3
111233244351676,Hashtag Smart,These ads ran without a disclaimer,≤100,1
121097790490,Albert Schweitzer Stiftung für unsere Mitwelt,Albert Schweitzer Stiftung für unsere Mitwelt,≤100,1
744055308985961,CDU-Fraktion im Landtag Mecklenburg-Vorpommern,CDU Fraktion im Landtag von Mecklenburg-Vorpommern,≤100,2
169042736456594,All Out,All Out,≤100,1
112352081112400,Inyova Impact Investing - Germany,Inyova Impact Investing,≤100,7
286496464854520,Bündnis 90 / Die Grünen - Stadtverband Grüne Gießen,Stadtverband Bündnis 90/Die Grünen Giessen,≤100,1
941902472624783,LibMod - Zentrum Liberale Moderne,Zentrum Liberale Moderne,≤100,4
161249658045,Green City e.V.,Green City e.V.,≤100,1
120285481321029,Lehramt in NRW-Fit ins Referendariat!,Stefan Reimer,≤100,2
1927584054200253,Pro Natural Health,Berkant Arslan,≤100,1
169367889785454,Arbeitgeberverband Gesamtmetall,Arbeitgeberverband Gesamtmetall,≤100,15
152125264826246,Wilo Group,Wilo Group,≤100,2
130039690359915,Aktionsgemeinschaft Solidarische Welt,Aktionsgemeinschaft Solidarische Welt,≤100,3
182170223513,Göttinger Tageblatt,MADSACK Market Solutions GmbH,≤100,1
235841609781441,SPD Neu-Isenburg,SPD Neu-Isenburg,≤100,4
101772835451382,Solarenergie Deutschland,These ads ran without a disclaimer,≤100,65
107738754196093,Fabian K. Kriegel,FKC Steuerberatungsgesellschaft mbH,≤100,2
175044368727,FLYERALARM,Flyeralarm,≤100,2
111629890670498,Treesteem,Treesteem Clothing,≤100,6
21289227249,FDP,FDP,≤100,1
51091986850,Diether Dehm,Diether Dehm,≤100,2
293150187371037,DIE LINKE. Brandenburg,DIE LINKE. Brandenburg,≤100,2
1801672130156352,Auslandsinformationen / International Reports,Konrad-Adenauer-Stiftung,≤100,11
109233079118502,vbw – Die bayerische Wirtschaft,vbw – Die bayerische Wirtschaft,≤100,2
530905320274921,Change.org,Change.org e.V.,≤100,3
352736338253081,Futurium,Futurium,≤100,4
193902536304,Aufbau Verlag,Aufbau Verlag GmbH & Co.KG,≤100,7
107379674925529,Diagnose Pan-ik-demie,Langen Müller Verlag GmbH,≤100,17
1120084394716274,Christian Jung,Christian Jung,≤100,3
46039823396,Oxfam Deutschland,Oxfam Deutschland,≤100,17
100668725394937,Hamburger Klimaschutz-Stiftung,Hamburger Klimaschutzstiftung,≤100,2
275948812881586,NVV bewegt,Nordhessischer Verkehrsverbund,≤100,1
101209475483167,Thomas Gruschka,Thomas Gruschka,≤100,4
101124947919410,GermanZero,Germanzero,≤100,22
117212120095864,Lebenswald,Lebenswald,≤100,3
1487616731457354,Demo für Alle,Demo für Alle,≤100,1
103451418713936,Rico Obenauf - Landrat für Märkisch-Oderland,BVB / FREIE WÄHLER - Rico Obenauf,≤100,2
200752383293733,International Justice Mission,International Justice Mission,≤100,2
447430875301050,Jugend debattiert,Jugend debattiert,≤100,1
108115428221047,Peter Neidel,CDU Kreisverband Gießen,≤100,1
1567486726852789,Evangelische Jugend Mecklenburg,Evangelisches Kinder- und Jugendwerk Mecklenburg,≤100,8
905416126166613,Weiden ist tolerant,Arbeit und Leben in Bayern,≤100,2
1748587078512524,Starke Pflege in Münster,BeSocial GmbH,≤100,1
106321204948377,Caroline Lünenschloss,Caroline Anne Marie Lünenschloss,≤100,1
1638146663113472,Energieversum GmbH & Co.KG,Energieversum GmbH & Co. KG,≤100,10
193608491239022,Freifam,Freifam.de,≤100,1
484556094946748,Gunther Moll,Gunther Hagen Walter Moll,≤100,1
294615500888608,Interface,These ads ran without a disclaimer,≤100,1
157019267723383,Kempten.de,Stadt Kempten (Allgäu),≤100,2
345598788891061,AfD Bayern,AfD Bayern,≤100,1
1237818033002038,"Rüdiger Lucassen, MdB",Hans Rüdiger Lucassen,≤100,1
111088040478068,Rolf Epple Stiftung,Rolf Hendrik Epple,≤100,5
185101174836284,IG Metall Jugend,IG Metall Jugend,≤100,18
311198615910216,Pionierkraft,Pionierkraft GmbH,≤100,1
1762360844053566,RECUP,RECUP,≤100,7
306720816363290,Brockhaus,These ads ran without a disclaimer,≤100,11
169056563116378,Polytechnische Gesellschaft,Polytechnische Gesellschaft e. V.,≤100,1
142505861287596,Ulrich Majunke - Unser Bürgermeisterkandidat für Büdingen,FWG Büdingen,≤100,1
103581825025121,StopFinning-Magyarország,StopFinningEU,≤100,2
124267207683497,Berliner Gazette Redaktion,Berliner Gazette Redaktion,≤100,3
184537051562043,Linksfraktion Köln,Linksfraktion Köln,≤100,7
170813019659671,Stadtwerke Tübingen: Wir wirken mit.,Stadtwerke Tübingen GmbH,≤100,2
123292927706635,junge Welt,junge Welt,≤100,10
92576009043,Jens Spahn,Jens Spahn,≤100,6
566872987051379,Daniel Freund,"Daniel Freund, Mitglied des Europäischen Parlaments",≤100,2
168076329941,Rhein-Zeitung,Rhein-Zeitung,≤100,2
28312410177,World Food Programme,These ads ran without a disclaimer,≤100,2
163581483776364,Konrad-Adenauer-Stiftung Politisches Bildungsforum Thüringen,Konrad-Adenauer-Stiftung e.V.,≤100,1
108345778138419,SEBG - Solarenergie Boitzenburger Land,Solarenergie Boitzenburger Land GmbH,≤100,1
237503432890,Gütersloh TV und Magazin Carl,Unabhängige Wählergemeinschaft Gütersloh,≤100,1
1433133016766839,AfD Fulda,AfD Kreisverband Fulda,≤100,1
100567834930339,RUMS,RUMS,≤100,1
108165514298122,Zukunft sichern,Zukunft Sichern,≤100,25
273110452731,enorm Magazin,GoodImpact GmbH,≤100,4
248986568895243,Speechify,These ads ran without a disclaimer,≤100,1
561953460655717,Social Media Ads,Alexander Dietrich,≤100,5
173088689389030,Urgewald,Urgewald,≤100,1
82055658434,CARE Deutschland e.V.,CARE Deutschland e.V.,≤100,4
122713067792206,Testsieger-Konto,zaleo digital GmbH & Co. KG,≤100,1
106318730898898,Die Sächsische Staatsministerin für Kultur und Tourismus - SMKT Sachsen,"Sächsisches Staatsministerium für Wissenschaft, Kultur und Tourismus",≤100,1
172878316101333,Stadtwerke Göttingen AG,Stadtwerke Göttingen,≤100,10
213617482341608,Bundesausschuss Politische Bildung e.V.,Bundesausschuss politische Bildung (bap) e.V.,≤100,3
112005127912585,Michael Tryzna Partei -MTP "Verband Stadt und Landkreis Kassel",Michael Tryzna,≤100,3
173369732686833,Bündnis90/Die Grünen Frankfurt,Bündnis 90/Die Grünen Frankfurt am Main,≤100,2
108508887281810,ZusammenZukunft,Gemeinnützige Hertie-Stiftung,≤100,2
339810463063059,Conflict Of Nations : World War 3,These ads ran without a disclaimer,≤100,2
198244400189055,Entega,ENTEGA Plus GmbH,≤100,3
329039423952230,Krzysztof Walczak,Krzysztof Rafal Walczak,≤100,2
103465051315176,Viktor Hübner,Viktor Hübner,≤100,1
204191076644782,"Thüringer Ministerium für Bildung, Jugend und Sport","Thüringer Ministerium für Bildung, Jugend und Sport",≤100,1
545040792244231,"Dr. Fabian Mehring, MdL",Dr. Fabian Mehring,≤100,2
102807101570435,Wochenblatt,Wochenblatt Media UG,≤100,1
124232857644437,Rowohlt Verlag,Rowohlt Verlag,≤100,18
100588701477647,Wir packen's an,Wir packen's an e.V.,≤100,1
111486313936267,Prof. Dr. Rüdiger Sterzenbach,Rüdiger Sterzenbach,≤100,2
725778940794291,Bündnis 90/Die Grünen Stadtratsfraktion Koblenz,Stadtratsfraktion Bündnis 90/Die Grünen Koblenz,≤100,1
10150158634595002,Grüne Augsburg,Bündnis 90/DIE GRÜNEN Stadtverband Augsburg,≤100,1
111571335612795,Haus & Grund Deutschland,Gordon Gross,≤100,1
832762216805769,Anna von Treuenfels-Frowein,Anna von Treuenfels-Frowein,≤100,2
262980937766978,Jana Schneider - Lichtgreif Design,Jana Schneider,≤100,2
48418911548,OMNIBUS FÜR DIREKTE DEMOKRATIE,OMNIBUS für Direkte Demokratie,≤100,1
102846308512479,Hannes Schintag Finanzen • Versicherungen • Vorsorge,Hannes Schintag Finanzen • Versicherungen • Vorsorge,≤100,1
375763085829863,Eva Lux - Für Leverkusen im Landtag,Josefa Maria Lux,≤100,1
1142127912586458,Kreissparkasse Saarpfalz,Kreissparkasse Saarpfalz,≤100,1
339894849467492,GASAG,GASAG,≤100,4
183448258342806,Angelika Niebler,EVP-Fraktion im Europäischen Parlament,≤100,1
169129360337907,mehr als wählen - Initiative für innovative Demokratie,Finanziert von mehr als wählen e. V.,≤100,1
215574145176015,SPD-Fraktion Leverkusen,SPD-Fraktion Leverkusen,≤100,3
101553402140782,Photovoltaik Deutschland,These ads ran without a disclaimer,≤100,35
180703865199,Universität zu Köln,Universität zu Köln,≤100,1
198661960154837,David Rohde,David Rohde,≤100,2
39198872885,Wirtschaftsministerium Hessen,Wirtschaftsministerium Hessen,≤100,2
100374258395193,Milanie Kreutz,Milanie Kreutz,≤100,1
109553930496808,Falken Bildungsforum Bergisch Land,Jürgen Regneri,≤100,1
2150888521888345,Ruhrgebietskonferenz Pflege,Benjamin Homann,≤100,1
161943873844439,Gorus,Gorus Publicity GmbH,≤100,3
451235565433448,Joachim Kuhs,Hans Joachim Kuhs,≤100,1
1565754943752371,Robert Farle,Robert Farle,≤100,1
66426617453,FDP Sachsen,FDP Sachsen,≤100,2
293789556283,GEMEINSAM FÜR AFRIKA,GEMEINSAM FÜR AFRIKA,≤100,1
100494431700552,Dr. Denis Ugurcu,Denis Ugurcu,≤100,2
493734394101595,SPD-Landtagsfraktion Mecklenburg-Vorpommern,SPD-Landtagsfraktion M-V,≤100,1
100357338473402,Alexander Schwartz,Alexander Schwartz,≤100,1
1745982485667400,Guido Reil,Guido Reil,≤100,1
276690259403364,FinanzAgenda,Union Investment,≤100,2
135005013192622,Linksfraktion Sachsen,Linksfraktion Sachsen,≤100,1
512403718895902,Wildtierschutz Deutschland e.V.,Wildtierschutz Deutschland e.V.,≤100,1
105729831319057,„Du entscheidest über Dein Leben“,Nicole Gandelau,≤100,2
161382607239568,Kabarett-Theater DISTEL,Kabarett-Theater DISTEL,≤100,12
938587379491828,DIE LINKE. Kreisverband Frankfurt am Main,DIE LINKE. Kreisverband Frankfurt am Main,≤100,2
241690183335959,togetherforfuture,These ads ran without a disclaimer,≤100,1
1262122037143567,Landeszentrale für politische Bildung Rheinland-Pfalz,Landeszentrale für politische Bildung Rheinland-Pfalz,≤100,1
543610482355085,Landesamt für Soziales Saarland,Landesamt für Soziales,≤100,1
273454591804,SOS-Kinderdorf Deutschland,SOS-Kinderdorf e.V.,≤100,1
1124641927546813,Hoffnungsträger,Hoffnungsträger,≤100,6
1742346699383518,NEOPresse - Unabhängige Nachrichten,NEOPresse - Unabhängige Nachrichten,≤100,5
837029206665363,Tabakquartier Bremen,Tabakquartier,≤100,2
178622099163395,CSD Deutschland e.V.,CSD Deutschland e.V.,≤100,1
110802954153447,Klim,Carbon Farmed Solutions GmbH,≤100,1
249433003641502,Mach17,These ads ran without a disclaimer,≤100,1
330165526782,SPD Rheinland-Pfalz,SPD Rheinland-Pfalz,≤100,21
332235700177231,Landratsamt Oberallgäu,Landratsamt Oberallgäu,≤100,1
294461990574727,CDU Seligenstadt,CDU Seligenstadt,≤100,1
107189298319963,Unanfechtbar,Langen Müller Verlag GmbH,≤100,6
99923813221,vorwärts,Berliner vorwärts Verlagsgesellschaft mbH vorwärts,≤100,8
107813389172,ProVeg International,ProVeg e.V.,≤100,5
108605448186820,Wir schaffen das,Langen Müller Verlag GmbH,≤100,5
62058563854,"Dr. Peter Liese, MdEP",Eüropabüro für Südwestfalen - Dr. Peter Liese,≤100,3
107476864062191,public-connect,mein DIGITALreferent,≤100,1
153467308073688,FDP Bielefeld,Jan-Maik Schlifter De La Fontaine,≤100,2
132505256799678,Linksfraktion Berlin,Linksfraktion Berlin,≤100,2
100437301942833,Unerwünschte Wahrheiten,Langen Müller Verlag GmbH,≤100,8
101945488262351,Ostklick,Zentrum Liberale Moderne,≤100,1
823014384524213,Püttlingen gestalten,energis GmbH,≤100,2
234739566964870,Sprache Verbindet IB ggmbh,These ads ran without a disclaimer,≤100,1
197647650755276,Diakonie Schleswig-Holstein,Diakonie Schleswig-Holstein,≤100,1
110203734122363,Wir für Recyclat,Wir für Recyclat,≤100,5
1825871520988552,Elisabeth Kaiser,Elisabeth Kaiser,≤100,1
254469421403522,CDU Bad Orb,CDU Stadtverband Bad Orb,≤100,2
531504136955879,BVB / Freie Wähler - Fraktion im Landtag Brandenburg,BVB / FREIE WÄHLER Fraktion,≤100,2
279630195743906,Initiative Markt- und Sozialforschung,Initiative Markt- und Sozialforschung e. V.,≤100,2
74602991332,StepStone.de,These ads ran without a disclaimer,≤100,1
124382404306297,Bundesnetzwerk Bürgerschaftliches Engagement (BBE),BBE Geschäftsstelle gemeinnützige GmbH,≤100,1
2315698638465094,Sven Simon,Sven Simon,≤100,1
53848679944,Laut gegen Nazis,Laut gegen Nazis e. V.,≤100,2
194436357268781,Deutsche Atlantische Gesellschaft,Deutsche Atlantische Gesellschaft e.V.,≤100,1
1997582683585163,Dennys Bornhöft,Dennys André Bornhöft,≤100,1
747140245310540,FDP SHS,FDP Schloß Holte-Stukenbrock,≤100,1
1433551906919661,LVR-Kulturhaus Landsynagoge Rödingen,LVR,≤100,1
111332633831711,An-Nusrat e.V. - Islamischer Wohlfahrtsverband,An-Nusrat e.V.,≤100,3
34894868995,Junge Liberale Niedersachsen,Junge Liberale Niedersachsen e.V.,≤100,2
335535756580162,Sascha Lienesch,Sascha Lienesch,≤100,2
185890618101849,Christliche Initiative Romero (CIR),Christliche Initiative Romero,≤100,2
827229030698545,AfD - Stadtratsfraktion Chemnitz,Fraktion AfD im Stadtrat Chemnitz,≤100,1
149743311749655,Dein Hilden,Dein Hilden,≤100,3
92534109649,Luxemburg - Gesellschaftsanalyse und linke Praxis,Rosa-Luxemburg-Stiftung,≤100,2
100196345456800,Hygreen,These ads ran without a disclaimer,≤100,3
1516172942029028,CDU-Fraktion im Landtag Brandenburg,CDU Fraktion im Landtag Brandenburg,≤100,1
500615300050297,100% Mensch,100% Mensch,≤100,1
123695861022292,Schwarzesocke Mailorder,Schwarzesocke Mailorder,≤100,1
305368552898287,Viessmann,Viessmann Climate Solutions SE,≤100,1
179615825577477,Pro Hamm,Wählergruppe Pro Hamm,≤100,2
274881009193585,GEW Thüringen,GEW Thüringen,≤100,1
103970902017298,Wahl-plakate.com,wahl-plakate.com,≤100,2
306105376225527,DGB Region Schleswig-Holstein Südost in Lübeck,DGB Region Schleswig-Holstein Südost,≤100,2
189317658219808,Christian Klingen,Christian Herbert Klingen,≤100,5
103514198569270,MIT Treptow-Köpenick,MIT Treptow-Köpenick,≤100,1
144127752270611,FDP Halle,FDP Halle,≤100,1
400967229976835,Earth Hour Koblenz,Earth Hour Koblenz,≤100,1
312639988865192,AfD Sachsen,AfD Landesverband Sachsen,≤100,2
228618550513119,sagwas,sagwas,≤100,4
113091008215,GRÜNE Aachen,Bündnis'90/Die Grünen Ortsverband Aachen,≤100,1
121042215962237,Caritasverband für den Bezirk Limburg e.V.,Caritasverband für den Bezirk Limburg e.V.,≤100,1
1161637653912733,Stilum GmbH,These ads ran without a disclaimer,≤100,1
138238532889523,FDP-Fraktion Hessen,FDP-Fraktion Hessen,≤100,2
1831334880435048,Gnadenhof Brödel,Kai Behncke,≤100,1
100125135035223,Beratungsstelle Engel für Senioren,Kevin Schötz,≤100,1
375611015856622,RMV Dialog,These ads ran without a disclaimer,≤100,5
225012151032427,Bürgerwerke,Bürgerwerke,≤100,1
139198812763279,Misereor,Misereor,≤100,2
279808529194,Stefan Berger,Stefan Berger MdEP,≤100,5
110949757892446,Wilhelm Gebhard,CDU Werra-Werra-Meißner,≤100,1
334720923925926,Dieter Homburg,Fachzentrum Finanzen,≤100,3
108550857143852,Environmental Justice Foundation Deutschland,Environmental Justice Foundation Charitable Trust Deutschland gGmbH,≤100,1
103204458635909,Ralf Schönborn,Ralf Schönborn (MdL) Alternative für Deutschland (AfD),≤100,1
1421247404869807,AGR Abfallentsorgungs-Gesellschaft Ruhrgebiet,AGR Abfallentsorgungs-Gesellschaft Ruhrgebiet mbH,≤100,1
116949331668018,Universität Greifswald,Universität Greifswald,≤100,1
102768571653125,Dr. Ehsan Kangarani,CDU Göttingen,≤100,1
443522133126069,AfD-Fraktion Bezirk Eimsbüttel,AfD-Fraktion Bezirk Eimsbüttel,≤100,1
367322254351443,Bdst Service GmbH,Steuerzahler Service GmbH,≤100,4
1509620576000837,"Martin Sichert, MdB",Martin Sichert,≤100,1
763910583697170,FDP Jena-Saale-Holzland,Stefan Beyer,≤100,3
1749776731967642,FDP-Landtagsfraktion Schleswig-Holstein,FDP-Landtagsfraktion Schleswig-Holstein,≤100,1
101147131278254,Volker Richter,Volker Richter,≤100,1
2139939029384356,Lilo - Linke Liste Ortenau,Linke Liste Ortenau,≤100,1
292410104121991,FU Bayern (Frauen-Union Bayern),FU Bayern (Frauen-Union Bayern),≤100,2
241690183335959,togetherforfuture,Together For Future,≤100,5
254488878091190,American Club of Hamburg e.V.,The American Club of Hamburg e.V.,≤100,1
398727736839393,CDU Neu-Isenburg,CDU Neu-Isenburg,≤100,2
163139997033615,Die Linke Saale-Holzland-Kreis,Die LINKE. SHK,≤100,1
321220311306238,Udo Schiefner,"Udo Schiefner, SPD",≤100,1
100232087997794,Bernhard Zimniok,Bernhard Zimniok,≤100,1
132927600629154,DeinMonheim,anzeiger24.de GmbH & Co KG,≤100,3
274000059331698,DEMO - Die Fachzeitschrift für Kommunalpolitik,DEMO - Die Fachzeitschrift für Kommunalpolitik,≤100,1
100572773318575,Ärzte der Welt,Ärzte der Welt e.V.,≤100,2
104237851521900,Frankreichstrategie des Saarlandes,Ministerium für Finanzen und Europa,≤100,1
102081698869093,Medi Kostas Testzentrum,Medi Kostas,≤100,1
171067656280362,Philipp Wohlfeil,Philipp Franz Wohlfeil,≤100,1
220886001701754,Texas Bioenergie GmbH & Co KG,Franz Heinrich Aumann,≤100,4
676997949096807,Sebastian Meskes,Sebastian Meskes,≤100,1
115480406513838,bUm - Raum für die engagierte Zivilgesellschaft,These ads ran without a disclaimer,≤100,1
1509344156054331,AfD Darmstadt,Wolfgang Wilhelm Schöhl,≤100,2
1556300024661941,WiR-Wir in Roßdorf e.V.,WiR - Wir in Roßdorf e.V.,≤100,1
137521576294353,Deutsche Kinderhilfe - Die ständige Kindervertretung e.V.,Deutsche Kinderhilfe - Die ständige Kindervertretung e.V.,≤100,3
152225020283693,Götz Herrmann - Bürgermeisterkandidat für Eberswalde,Gotz Tillmann Hagen Herrmann,≤100,1
729367767456872,Jörg Schock AfD,Jörg Schock,≤100,1
450296778356478,KAS Weser Ems,Konrad-Adenauer-Stiftung e.V.,≤100,6
102505911172634,Olga Petersen AfD,Olga Petersen,≤100,1
1272716742745722,AfD - Stadtfraktion Potsdam,AfD Stadtfraktion Potsdam,≤100,1
1285623548123430,Dr. Hugh Bronson,Hugh Bronson,≤100,2
103842648715662,Friedel Lenze - Landratskandidat für den Werra Meißner Kreis,SPD Werra-Meißner,≤100,2
160531500656482,FDP-Fraktion Bremen,FDP-Fraktion Bremen,≤100,3
330148333760121,Grüne Fraktion Bayern,Grüne Fraktion Bayern,≤100,1
207328712629880,Junge Liberale Leipzig,Junge Liberale Leipzig,≤100,1
587921848027213,Andreas Winhart,Andreas Winhart,≤100,1
111945130701864,Nachhaltig.kritisch,Robin Jüngling,≤100,1
106704534860149,Göttingen - KV - DieBasis,Matthias Nickel,≤100,1
364635510327135,FDP Wedel,FDP Ortsverband Wedel,≤100,2
108209480522423,Dr. Sylvia Limmer,Dr. Sylvia Limmer,≤100,1
101755171386064,AfD-Fraktion im Stadtrat Trier,Cornelia Maria Margarethe Doeschl,≤100,1
101368532025331,Ayman Zebian Kandidat 20 Bundestag Wahl 2021,Ayman Zebian,≤100,1
107579678081815,Wohnungsbau Initiative Köln,Wohnungsbau Initiative Köln,≤100,4
105237008197753,Matthias Moosdorf MdB,Matthias Moosdorf,≤100,1
108484268200700,Martin Staab,Martin Reiner Staab,≤100,1
2250745291651859,BVB / Freie Wähler Bernau,BVB / FREIE WÄHLER,≤100,1
572530603230497,AfD-Fraktion im Hessischen Landtag,AfD-Fraktion im Hessischen Landtag,≤100,1
186561508030856,Impfcheck,YAEZ GmbH,≤100,1
574628772599960,Bayerische Staatszeitung,Verlag Bayerische Staatszeitung GmbH,≤100,1
110786364637584,Ralf Hoppe für Itzehoe - unabhängiger Bürgermeisterkandidat,Ralf Hoppe,≤100,1
161990010584761,Stiftung Demokratie Saarland,Stiftung Demokratie Saarland,≤100,4
547476599489775,Nico Jahnke Landtagskandidat,Nico Jahnke,≤100,1
110663982326170,Rosa Luxemburg Stiftung Baden-Württemberg,Rosa-Luxemburg-Stiftung Baden-Württemberg,≤100,2
962942207062265,CDU im Stuttgarter Rathaus,CDU-Gemeinderatsfraktion,≤100,1
109381070613028,THE CLIMATE CHOICE,The Climate Choice UG,≤100,1
490116034356434,SPD Waltrop,SPD Stadtverband Waltrop,≤100,1
322235575150754,Deborah Düring,Deborah Saskia Düring,≤100,1
27036182994,Jusos München,Jusos München,≤100,2
446978088671849,SPD Wesseling,SPD OV Wesseling,≤100,1
104661541869161,Jan Manshardt B90/Grüne Woltersdorf,Jan Manshardt,≤100,1
1450418281843712,360 Grad Creations,360 Grad Creations,≤100,1
542573389171879,energieland2050,Kreis Steinfurt,≤100,2
108971977533663,RISE-Jugendkultur,JFF - Institut Jugend Film Fernsehen e. V.,≤100,1
1011561655899279,FDP Coburg-Land,FDP Coburg-Land,≤100,1
822344324640469,Helmut Kaltenhauser MdL,Dr. Helmut Kaltenhauser MdL,≤100,3
1587020421540270,"Thüringer Ministerium für Umwelt, Energie und Naturschutz","Thüringer Ministerium für Umwelt, Energie und Naturschutz (TMUEN)",≤100,2
202775776412980,Kameradistinnen,Marcus Uriona,≤100,1
188638841174848,Landesverband AndersARTiG e.V.,Landesverband AndersARTiG e.V.,≤100,1
121473571896951,Stefan Metzdorf,Stefan Metzdorf,≤100,1
112341743625890,Dr. Maximilian Krah,Maximilian Krah,≤100,2
1245757778822692,Ute Meiers,Ute Elisabeth Meiers,≤100,1
634087250131145,Werner Kalinka MdL,Werner Kalinka,≤100,1
117214460574007,Tesche OEL,R. Tesche GmbH,≤100,1
760597993998321,Caritasverband für die Diözese Osnabrück e.V.,Caritasverband für die Diözese Osnabrück e.V.,≤100,1
109179904220555,flodry,These ads ran without a disclaimer,≤100,12
929947773753154,Europe Direct Dresden,EUROPE DIRECT Dresden,≤100,1
183142558400276,SPD Hennef,SPD Hennef,≤100,1
109225940931575,Sven Reichert,Sven Reichert,≤100,1
154079088364952,SPD Paderborn,SPD Ortsverein Paderborn,≤100,6
251218774987056,Kfz-Sachverständigenbüro / Havariekommissariat Lars Dziemba,Lars Dziemba,≤100,1
1491699237825651,CDU Maintal,CDU Maintal,≤100,1
789305807799417,TASPO,Haymarket Media GmbH,≤100,1
864294857076016,CDU Wannsee,Tim Richter,≤100,1
101639102213978,Felicitas Beuschel,Felicitas Madeleine Beuschel,≤100,1
103272255278188,Thomas Lebkücher - Freier Wähler,Thomas Jürgen Lebkücher,≤100,1
100451933698060,AdVenture Communist,These ads ran without a disclaimer,≤100,1
1155146434606708,BDS Bayern,Bund der Selbständigen - Gewerbeverband Bayern e. V.,≤100,1
283396392094517,GRÜNE Ratsfraktion Bonn,Grüne Ratsfraktion Bonn,≤100,1
396752780459455,Fraktion DIE LINKE. im Hessischen Landtag,Fraktion DIE LINKE. im Hessischen Landtag,≤100,1
546429499154850,SPD Furpach Kohlhof Ludwigsthal,Thomas Marco Thiel,≤100,2
130629980818261,AfD-Fraktion im Landtag des Saarlandes,AfD-Fraktion im Landtag des Saarlandes,≤100,1
145352222182513,SPD Werra-Meißner,SPD Werra-Meißner,≤100,1
132225000179151,Tolias Immobilien GmbH,TOLIAS Immobilien GmbH,≤100,1
1679701975409510,Grüne-Hürth,Grüne Hürth,≤100,1
103468018185947,CDU Hitdorf,CDU Hitdorf,≤100,1
242768255751795,DIE LINKE. Stadtfraktion Wiesbaden,Linke&Piraten Rathausfraktion Wiesbaden,≤100,1
102088565552633,Lars Edelmann,Lars Edelmann,≤100,1
232276957338548,Iris Dworeck-Danielowski,Iris Dworeck-Danielowski,≤100,1
1843056589285625,"Marcus Bühl, AfD MdB",Marcus Bühl,≤100,1
787491308075734,Stadt.Land.Main Würzburg - CSU,CSU Kreisverband Würzburg-Stadt,≤100,1
1062165823986025,Netzwerk junge Bürgermeisterinnen und Bürgermeister,Netzwerk Junge Bürgermeister*innen,≤100,1
221491921322459,Altstadt-SPD Mainz,SPD Ortsverein Mainz-Altstadt,≤100,2
176643569026352,Büro NRW der Friedrich-Naumann-Stiftung für die Freiheit,Büro NRW der Friedrich-Naumann-Stiftung für die Freiheit,≤100,4
605221080131866,AfD Mayen-Koblenz,AfD Mayen-Koblenz,≤100,1
235406423143333,Handiclapped - Kultur Barrierefrei e.V.,Handiclapped - Kultur Barrierefrei e.V.,≤100,1
136815499687911,SPD-Landtagsfraktion Baden-Württemberg,SPD-Landtagsfraktion Baden-Württemberg,≤100,2
675671552542620,Bündnis C - Christen für Deutschland,Bündnis C - Christen für Deutschland,≤100,1
102021661991772,Patrick Büker,FDP-Kreisverband Gütersloh,≤100,1
108313499637735,Dr. Kristin Brinker,Kristin Brinker,≤100,2
135964063092156,laut-werden.de,Dennis Steinhilber,≤100,1
101931781978977,Martin Sattelkau,Martin Sattelkau,≤100,2
105690337659121,CDU Holm,CDU Holm,≤100,1
111798943770044,Kyjiwer Gespräche,Europäischer Austausch gGmbH,≤100,1
427949267252563,Weilburg,Ralph Matthias Gorenflo,≤100,2
514480748740424,FES KommunalAkademie,"Friedrich-Ebert-Stiftung, KommunalAkademie",≤100,1
102405155394550,Patrick Sema - Bürgermeisterkandidat für die VG Thaleischweiler-Wallhalben,Patrick Sema,≤100,1
757665354411367,Centre for Dialogue at Campus Riedberg,Centre for Dialogue at Campus Riedberg,≤100,1
412247608926792,Benjamin Harris - Ihr Bürgermeisterkandidat für Büdingen,Benjamin Carlos Harris,≤100,1
191164085731,Adveniat,Adveniat,≤100,1
499355047094121,Deutsche Gesellschaft für Transidentität und Intersexualität e.V. - dgti,Deutsche Gesellschaft für Transidentität und Intersexualität dgti e.V.,≤100,1
218049935604549,Hamm wirbt online,Andreas Eckardt,≤100,2
2390058227950123,Alexander Kotz,Alexander Kotz,≤100,1
260266027394515,Andreas Becker,Andreas Becker MdL,≤100,1
171174646826561,Dr. Stefan Posselt,Stefan Posselt,≤100,1
1174467255969192,reif,jungvornweg Gmbh | reif-Magazin,≤100,1
167311406630209,Dräger,These ads ran without a disclaimer,≤100,1
101376532088243,Bardinos SOS Deutschland e.V.,These ads ran without a disclaimer,≤100,2
581244975375929,AWO Region Hannover e.V.,AWO Region Hannover,≤100,1
870550286426379,CDU Lohmar,CDU Lohmar,≤100,1
1180315558745061,Landrat Thomas Ebeling,Thomas Ebeling,≤100,1
383522001715807,IG Metall Jugend Chemnitz,IG Metall Chemnitz,≤100,1
288143841600204,refurbed,These ads ran without a disclaimer,≤100,1
283686378336813,Klimapakt Flensburg e.V.,Klimapakt Flensburg,≤100,2
1224180104321858,Bürgermeister Michael Stock,Bürgermeister Michael Stock,≤100,1
103470728272971,wumao.news,wumao.news,≤100,1
395292651128485,"Birgit Weckler, CDU International, Frankfurt am Main",Birgit Uta Weckler,≤100,1
101982102230850,Boka ID,These ads ran without a disclaimer,≤100,1
112134080497160,Osnabrücker Rundschau,Osnabrücker Rundschau,≤100,1
1698224357060497,Freie Demokraten - FDP Lünen,FDP Lünen,≤100,1
147547541961576,Council of the European Union,Council of the European Union,≤100,2
100456548680686,Roger Fritz SPD,Roger Fritz,≤100,3
363726190426113,Stop Phubbing Deutschland,These ads ran without a disclaimer,≤100,1
105295208270413,ddr_verstehen,Bundesstiftung zur Aufarbeitung der SED-Diktatur,≤100,1
1039946592761781,GUT Köln,Wählergruppe GUT Köln,≤100,1
105059941548975,Postmigrant.de,Dervis Dündar,≤100,1
111484047852464,Solarstrom,These ads ran without a disclaimer,≤100,21
376948053116905,DC Verlag,Diplomatic Council,≤100,2
1656401991307712,FDP Freising,FDP Kreisverband Freising,≤100,1
198753578850752,Gemeinde Ladbergen,These ads ran without a disclaimer,≤100,1
102494844845915,Lucht Für Langenfeld,Torsten Georg Simon Fuhrmann,≤100,1
16697124481,Amerikahaus München,Amerikahaus München,≤100,1
102900048276841,Lisa Eckhardt,These ads ran without a disclaimer,≤100,1
268673200306678,Freie Wähler Neumünster,Holger Steffen,≤100,1
128422283926961,FDP Willich,FDP Willich,≤100,1
915185168618361,N&N Czech-German magazine,These ads ran without a disclaimer,≤100,1
229357780969497,Nina Schilling,Nina Schilling,≤100,4
1079592458722716,"André Poggenburg, MdL a. D.",André Poggenburg,≤100,2
108989202478728,Heinrich-Böll-Stiftung Sachsen-Anhalt,Heinrich-Böll-Stiftung Sachsen-Anhalt,≤100,1
107447344354188,Die Genossenschaften,These ads ran without a disclaimer,≤100,1
2051860635076941,Arno Enners,Arno Enners AfD,≤100,1
352869677887,Houdini Sportswear,These ads ran without a disclaimer,≤100,1
101741794946479,SPD Halver,spd-halver,≤100,1
111952401138970,Solar-Module,These ads ran without a disclaimer,≤100,19
305936130032079,Pferdegold,These ads ran without a disclaimer,≤100,3
495034553851248,TURTLEBOX,These ads ran without a disclaimer,≤100,6
45771186247,voestalpine,These ads ran without a disclaimer,≤100,1
143629399023983,GWS Stadtwerke Hameln GmbH,GWS Stadtwerke Hameln GmbH,≤100,1
150677554968531,Geschichte Für Alle e.V.- Institut für Regionalgeschichte,Geschichte für Alle e. V. - Institut für Regionalgeschichte,≤100,1
299785141996,Landeszentrale für politische Bildung Nordrhein-Westfalen,Landeszentrale für politische Bildung Nordrhein-Westfalen,≤100,1
228197331016786,Alexander Müller,Alexander Müller MdB,≤100,1
108161990571387,Eric Lenz,These ads ran without a disclaimer,≤100,1
198882567359885,Dostal & Partner,dostal & partner management-beratung gmbh,≤100,2
102710118850782,Euronews на руccком,These ads ran without a disclaimer,≤100,1
179649492694260,AfD Hamburg-Bergedorf,Eugen Seiler,≤100,1
199495633449965,FDP Neu-Isenburg,FDP Neu-Isenburg,≤100,1
101985564727063,Tamer Kandemir,Tamer Kandemir,≤100,1
2286018874983425,Oceanmata,Oceanmata GmbH,≤100,3
234517923246978,Lars Alt,Lars Alt,≤100,1
108000681538924,Photovoltaik-Zelle,These ads ran without a disclaimer,≤100,32
210743736148998,Werne wirbt online,Andreas Eckardt,≤100,1
1083902265009736,FDP Wesseling,FDP Stadtverband Wesseling,≤100,5
1846830152230356,Entegro Photovoltaik Systeme GmbH,ENTEGRO Photovoltaik-Systeme GmbH,≤100,1
103415761948504,Installation Solaranlage,These ads ran without a disclaimer,≤100,21
875742282529967,"Moin sagen, Moin wählen",MOIN Rhauderfehn,≤100,1
1847338492218497,Dr. Carsten Brodesser,CDU Oberberg,≤100,1
110135771403531,Diesmalgrün,diesmalgrün,≤100,2
173781192745951,FDP Gettorf,FDP Ortsverband Gettorf,≤100,2
380162436147660,JAfD,JAfD,≤100,1
383242398742501,Maximilian Wolf,These ads ran without a disclaimer,≤100,1
101287518955858,Terra Luna Fashion,These ads ran without a disclaimer,≤100,1
102903251919733,Artislam.de,These ads ran without a disclaimer,≤100,1
586405441443041,NISMA Socialdemokrate - Nëndega Turjakë,These ads ran without a disclaimer,≤100,1
123725054308628,Tonkünstlerverband Baden-Württemberg e.V.,Hans Eckhart Fischer,≤100,1
110646127883024,Deutschland Solarenergie,These ads ran without a disclaimer,≤100,11
102492129806270,Waschbär Umweltversand,Waschbär GmbH,≤100,2
102031928515765,Triplove,Stefan Radomski,≤100,1
210271319048714,Wallenius Wilhelmsen,These ads ran without a disclaimer,≤100,1
141410219264688,SENEC,These ads ran without a disclaimer,≤100,1
229357780969497,Nina Schilling,FDP Ortsverband Wedel,≤100,5
1923134427976071,Engesaar GmbH,EnGeSaar GmbH,≤100,2
1675959626009895,Impact Hub Ruhr,These ads ran without a disclaimer,≤100,1
622503141284400,DIE LINKE. Fraktion im Kreistag Offenbach,DIE LINKE. Fraktion im Kreistag Offenbach,≤100,1
100444008537431,Doop Toothbrush,These ads ran without a disclaimer,≤100,1
1540045636302649,Arolsen Archives,These ads ran without a disclaimer,≤100,1
113861103701651,Mica Leiner Art,These ads ran without a disclaimer,≤100,1
103867815407012,"President Council of Khalistan, Dr. Bakhshish Singh Sandhu, MD",These ads ran without a disclaimer,≤100,1
112254114442150,Solarenergie,These ads ran without a disclaimer,≤100,12
116642265047044,Haberler.com,These ads ran without a disclaimer,≤100,1
155186527866338,PSD Bank Kiel eG,These ads ran without a disclaimer,≤100,1
0,Instagram User 8801403737,These ads ran without a disclaimer,≤100,1
134050661858,Deutsch-Amerikanisches Institut Nürnberg    Amerika Haus Nürnberg,These ads ran without a disclaimer,≤100,1
160386484010532,MAG Interactive,These ads ran without a disclaimer,≤100,1
101339482321443,Люди Pro,These ads ran without a disclaimer,≤100,1
208661552479830,日本財団,These ads ran without a disclaimer,≤100,2
867962259958927,Airinum,These ads ran without a disclaimer,≤100,2
100863398883096,ZESST by Almatech,These ads ran without a disclaimer,≤100,1
476023229815243,Shell and Turtle,These ads ran without a disclaimer,≤100,1
459545728211867,Eliah Sahil · Organic Care,These ads ran without a disclaimer,≤100,1
171795872872353,ISPI - Istituto per gli studi di politica internazionale,These ads ran without a disclaimer,≤100,1
105842865183776,Aawenwenwen_05_M113,These ads ran without a disclaimer,≤100,1
630172117364339,POST von GEHRKE,Elmar Gehrke,≤100,1
0,Instagram User 8194790495,These ads ran without a disclaimer,≤100,1
197998271100003,poco. lit.,These ads ran without a disclaimer,≤100,1
144580066134672,Economist Impact,These ads ran without a disclaimer,≤100,2
109244204824687,Captive Creator,These ads ran without a disclaimer,≤100,14
100167248403052,Sparkasse Hegau-Bodensee,These ads ran without a disclaimer,≤100,1
101463648982324,Inteligentny geniusz,These ads ran without a disclaimer,≤100,1
109779154175278,Oti Oluwaseun Henry,These ads ran without a disclaimer,≤100,1
571415269669653,Green Care Professional,These ads ran without a disclaimer,≤100,1
109540569688307,CDU Furpach/Kohlhof/Ludwigsthal,Michael Schley,≤100,1
100727442359828,Weather Forecast,These ads ran without a disclaimer,≤100,1
265345800469382,Hyundai Motor Group,These ads ran without a disclaimer,≤100,2
780624748987453,Embassy of the State of Palestine to the Republic of Albania,These ads ran without a disclaimer,≤100,1
102833201110124,Zuckersüß Verlag,Zuckersüß Kinderbuchverlag,≤100,1
178611072208,Weltfriedensdienst,These ads ran without a disclaimer,≤100,1